-- phpMyAdmin SQL Dump
-- version 5.2.1
-- https://www.phpmyadmin.net/
--
-- Host: 127.0.0.1
-- Waktu pembuatan: 08 Apr 2025 pada 10.56
-- Versi server: 10.4.32-MariaDB
-- Versi PHP: 8.3.11

SET SQL_MODE = "NO_AUTO_VALUE_ON_ZERO";
START TRANSACTION;
SET time_zone = "+00:00";


/*!40101 SET @OLD_CHARACTER_SET_CLIENT=@@CHARACTER_SET_CLIENT */;
/*!40101 SET @OLD_CHARACTER_SET_RESULTS=@@CHARACTER_SET_RESULTS */;
/*!40101 SET @OLD_COLLATION_CONNECTION=@@COLLATION_CONNECTION */;
/*!40101 SET NAMES utf8mb4 */;

--
-- Database: `market`
--

-- --------------------------------------------------------

--
-- Struktur dari tabel `barang`
--

CREATE TABLE `barang` (
  `id_barang` int(11) NOT NULL,
  `nama_barang` varchar(100) NOT NULL,
  `kategori_id` int(11) DEFAULT NULL,
  `harga_beli` decimal(10,2) NOT NULL,
  `harga_jual` decimal(10,2) NOT NULL,
  `stok` int(11) NOT NULL,
  `gambar` varchar(255) DEFAULT NULL,
  `tanggal_input` timestamp NOT NULL DEFAULT current_timestamp()
) ENGINE=InnoDB DEFAULT CHARSET=utf8mb4 COLLATE=utf8mb4_general_ci;

--
-- Dumping data untuk tabel `barang`
--

INSERT INTO `barang` (`id_barang`, `nama_barang`, `kategori_id`, `harga_beli`, `harga_jual`, `stok`, `gambar`, `tanggal_input`) VALUES
(1, '315L Refrigerator BMF -Optimal Fresh Zone Black DOI', 1, 10000000.00, 10415000.00, 26, 'kulkas.jpg', '2025-04-08 03:16:09'),
(2, 'UltraMilk FullCream 1ltr', 3, 20000.00, 22000.00, 9, 'susu.jpg', '2025-04-08 03:33:48'),
(4, 'Sosis Kanzler', 2, 9500.00, 10000.00, 1, 'Sosis.jpg', '2025-04-08 03:40:58');

-- --------------------------------------------------------

--
-- Struktur dari tabel `detail_penjualan`
--

CREATE TABLE `detail_penjualan` (
  `id_detail` int(11) NOT NULL,
  `id_penjualan` int(11) DEFAULT NULL,
  `id_barang` int(11) DEFAULT NULL,
  `jumlah` int(11) DEFAULT NULL,
  `harga_satuan` decimal(10,2) DEFAULT NULL,
  `subtotal` decimal(10,2) DEFAULT NULL
) ENGINE=InnoDB DEFAULT CHARSET=utf8mb4 COLLATE=utf8mb4_general_ci;

-- --------------------------------------------------------

--
-- Struktur dari tabel `kategori`
--

CREATE TABLE `kategori` (
  `id_kategori` int(11) NOT NULL,
  `nama_kategori` varchar(100) NOT NULL
) ENGINE=InnoDB DEFAULT CHARSET=utf8mb4 COLLATE=utf8mb4_general_ci;

--
-- Dumping data untuk tabel `kategori`
--

INSERT INTO `kategori` (`id_kategori`, `nama_kategori`) VALUES
(1, 'Elektronik'),
(2, 'Makanan'),
(3, 'Minuman');

-- --------------------------------------------------------

--
-- Struktur dari tabel `penjualan`
--

CREATE TABLE `penjualan` (
  `id_penjualan` int(11) NOT NULL,
  `barang_id` int(11) NOT NULL,
  `jumlah` int(11) NOT NULL,
  `total` double NOT NULL,
  `tanggal_input` date NOT NULL
) ENGINE=InnoDB DEFAULT CHARSET=utf8mb4 COLLATE=utf8mb4_general_ci;

--
-- Dumping data untuk tabel `penjualan`
--

INSERT INTO `penjualan` (`id_penjualan`, `barang_id`, `jumlah`, `total`, `tanggal_input`) VALUES
(1, 4, 1, 10000, '2025-04-08'),
(2, 4, 1, 10000, '2025-04-08'),
(3, 2, 1, 22000, '2025-04-08'),
(4, 4, 2, 20000, '2025-04-08'),
(5, 2, 1, 22000, '2025-04-08'),
(6, 4, 2, 20000, '2025-04-08'),
(7, 2, 1, 22000, '2025-04-08'),
(8, 2, 1, 22000, '2025-04-08'),
(9, 4, 1, 10000, '2025-04-08');

-- --------------------------------------------------------

--
-- Struktur dari tabel `users`
--

CREATE TABLE `users` (
  `id` int(11) NOT NULL,
  `username` varchar(100) NOT NULL,
  `password` varchar(255) NOT NULL
) ENGINE=InnoDB DEFAULT CHARSET=utf8mb4 COLLATE=utf8mb4_general_ci;

--
-- Dumping data untuk tabel `users`
--

INSERT INTO `users` (`id`, `username`, `password`) VALUES
(1, 'admin', '$2y$10$GxmxfgyxAN1L10KRxytsKusaZpwmv5DQOaMwV/oE919Me8mDrVYxG');

--
-- Indexes for dumped tables
--

--
-- Indeks untuk tabel `barang`
--
ALTER TABLE `barang`
  ADD PRIMARY KEY (`id_barang`),
  ADD KEY `kategori_id` (`kategori_id`);

--
-- Indeks untuk tabel `detail_penjualan`
--
ALTER TABLE `detail_penjualan`
  ADD PRIMARY KEY (`id_detail`),
  ADD KEY `id_penjualan` (`id_penjualan`),
  ADD KEY `id_barang` (`id_barang`);

--
-- Indeks untuk tabel `kategori`
--
ALTER TABLE `kategori`
  ADD PRIMARY KEY (`id_kategori`);

--
-- Indeks untuk tabel `penjualan`
--
ALTER TABLE `penjualan`
  ADD PRIMARY KEY (`id_penjualan`),
  ADD KEY `barang_id` (`barang_id`);

--
-- Indeks untuk tabel `users`
--
ALTER TABLE `users`
  ADD PRIMARY KEY (`id`),
  ADD UNIQUE KEY `username` (`username`);

--
-- AUTO_INCREMENT untuk tabel yang dibuang
--

--
-- AUTO_INCREMENT untuk tabel `barang`
--
ALTER TABLE `barang`
  MODIFY `id_barang` int(11) NOT NULL AUTO_INCREMENT, AUTO_INCREMENT=5;

--
-- AUTO_INCREMENT untuk tabel `detail_penjualan`
--
ALTER TABLE `detail_penjualan`
  MODIFY `id_detail` int(11) NOT NULL AUTO_INCREMENT;

--
-- AUTO_INCREMENT untuk tabel `kategori`
--
ALTER TABLE `kategori`
  MODIFY `id_kategori` int(11) NOT NULL AUTO_INCREMENT, AUTO_INCREMENT=6;

--
-- AUTO_INCREMENT untuk tabel `penjualan`
--
ALTER TABLE `penjualan`
  MODIFY `id_penjualan` int(11) NOT NULL AUTO_INCREMENT, AUTO_INCREMENT=10;

--
-- AUTO_INCREMENT untuk tabel `users`
--
ALTER TABLE `users`
  MODIFY `id` int(11) NOT NULL AUTO_INCREMENT, AUTO_INCREMENT=2;

--
-- Ketidakleluasaan untuk tabel pelimpahan (Dumped Tables)
--

--
-- Ketidakleluasaan untuk tabel `barang`
--
ALTER TABLE `barang`
  ADD CONSTRAINT `barang_ibfk_1` FOREIGN KEY (`kategori_id`) REFERENCES `kategori` (`id_kategori`) ON DELETE SET NULL;

--
-- Ketidakleluasaan untuk tabel `detail_penjualan`
--
ALTER TABLE `detail_penjualan`
  ADD CONSTRAINT `detail_penjualan_ibfk_1` FOREIGN KEY (`id_penjualan`) REFERENCES `penjualan` (`id_penjualan`) ON DELETE CASCADE,
  ADD CONSTRAINT `detail_penjualan_ibfk_2` FOREIGN KEY (`id_barang`) REFERENCES `barang` (`id_barang`) ON DELETE CASCADE;

--
-- Ketidakleluasaan untuk tabel `penjualan`
--
ALTER TABLE `penjualan`
  ADD CONSTRAINT `penjualan_ibfk_1` FOREIGN KEY (`barang_id`) REFERENCES `barang` (`id_barang`);
COMMIT;

/*!40101 SET CHARACTER_SET_CLIENT=@OLD_CHARACTER_SET_CLIENT */;
/*!40101 SET CHARACTER_SET_RESULTS=@OLD_CHARACTER_SET_RESULTS */;
/*!40101 SET COLLATION_CONNECTION=@OLD_COLLATION_CONNECTION */;
